{
    "1": {
        "anim_name": "A1.LOGO\u6e10\u663e", 
        "dt": [
            {
                "dt": [
                    {
                        "dt": {
                            "0": {
                                "val": [
                                    50.00000317891439, 
                                    47.22222222222222, 
                                    960.0000610351562, 
                                    510.0
                                ]
                            }, 
                            "90": {
                                "val": [
                                    50.00000317891439, 
                                    50.0, 
                                    960.0000610351562, 
                                    540.0
                                ]
                            }
                        }, 
                        "tp": 1
                    }, 
                    {
                        "dt": {
                            "0": {
                                "t_args": {
                                    "__tuple__": true, 
                                    "items": [
                                        null
                                    ]
                                }, 
                                "t_id": null, 
                                "t_tp": 3, 
                                "val": 0.0
                            }, 
                            "90": {
                                "t_args": {
                                    "__tuple__": true, 
                                    "items": [
                                        null
                                    ]
                                }, 
                                "t_id": null, 
                                "t_tp": 3, 
                                "val": 1.0
                            }
                        }, 
                        "tp": 4
                    }
                ], 
                "enabled": true, 
                "name": "b105f369-7e32-40c9-bf86-dc6c8f12abfc"
            }, 
            {
                "dt": [], 
                "enabled": true, 
                "name": "b8b9531e-ebca-4feb-8901-41c7e2636e3d"
            }
        ], 
        "event_data": {}, 
        "f_rt": 60, 
        "group": "6c783709-a143-447a-baf6-b8be1d75605c", 
        "lp": false, 
        "max_frame": 100, 
        "play_mode": 0
    }, 
    "2": {
        "anim_name": "A1.\u8fdb\u5165\u63d0\u793a\u547c\u5438\u52a8\u753b", 
        "dt": [
            {
                "dt": [
                    {
                        "dt": {
                            "0": {
                                "t_args": {
                                    "__tuple__": true, 
                                    "items": [
                                        null
                                    ]
                                }, 
                                "t_id": null, 
                                "t_tp": 3, 
                                "val": 0.0
                            }, 
                            "180": {
                                "t_args": {
                                    "__tuple__": true, 
                                    "items": [
                                        null
                                    ]
                                }, 
                                "t_id": null, 
                                "t_tp": 3, 
                                "val": 1.0
                            }, 
                            "300": {
                                "t_args": {
                                    "__tuple__": true, 
                                    "items": [
                                        null
                                    ]
                                }, 
                                "t_id": null, 
                                "t_tp": 4, 
                                "val": 1.0
                            }, 
                            "420": {
                                "t_args": {
                                    "__tuple__": true, 
                                    "items": [
                                        null
                                    ]
                                }, 
                                "t_id": null, 
                                "t_tp": 4, 
                                "val": 0.0
                            }
                        }, 
                        "tp": 4
                    }
                ], 
                "enabled": true, 
                "name": "eb530d73-ec71-4475-b761-46dc6cf7b96e"
            }
        ], 
        "event_data": {}, 
        "f_rt": 60, 
        "group": "6c783709-a143-447a-baf6-b8be1d75605c", 
        "lp": true, 
        "max_frame": 420, 
        "play_mode": 0
    }, 
    "3": {
        "anim_name": "\u5931\u8d25\u8b66\u544a\u547c\u5438\u52a8\u753b", 
        "dt": [
            {
                "dt": [
                    {
                        "dt": {
                            "0": {
                                "t_args": {
                                    "__tuple__": true, 
                                    "items": [
                                        null
                                    ]
                                }, 
                                "t_id": null, 
                                "t_tp": 4, 
                                "val": 1.0
                            }, 
                            "60": {
                                "t_args": {
                                    "__tuple__": true, 
                                    "items": [
                                        null
                                    ]
                                }, 
                                "t_id": null, 
                                "t_tp": 3, 
                                "val": 0.0
                            }, 
                            "180": {
                                "t_args": {
                                    "__tuple__": true, 
                                    "items": [
                                        null
                                    ]
                                }, 
                                "t_id": null, 
                                "t_tp": 4, 
                                "val": 1.0
                            }
                        }, 
                        "tp": 4
                    }
                ], 
                "enabled": true, 
                "name": "b1a095ba-a479-4908-8b3c-1a8bec5e15e5"
            }
        ], 
        "event_data": {}, 
        "f_rt": 60, 
        "group": "GameHUD", 
        "lp": true, 
        "max_frame": 180, 
        "play_mode": 0
    }, 
    "4": {
        "anim_name": "\u5012\u8ba1\u65f6\u52a8\u753b", 
        "dt": [
            {
                "dt": [
                    {
                        "dt": {
                            "0": {
                                "val": {
                                    "__tuple__": true, 
                                    "items": [
                                        50.0, 
                                        50.0, 
                                        40.0, 
                                        40.0
                                    ]
                                }
                            }
                        }, 
                        "tp": 1
                    }, 
                    {
                        "dt": {
                            "0": {
                                "val": {
                                    "__tuple__": true,