{
    "_custom_": true, 
    "_ref_": 134240444, 
    "attach_models": [
        {
            "cast_shadow": true, 
            "material_alpha": 0, 
            "material_change": 0, 
            "material_color": {
                "__tuple__": true, 
                "items": [
                    255, 
                    255, 
                    255
                ]
            }, 
            "material_color_intensity": 0, 
            "model": 203370, 
            "offset": {
                "__tuple__": true, 
                "items": [
                    -0.9246468544006348, 
                    -0.029999995604157448, 
                    -0.041214942932128906
                ]
            }, 
            "receive_decal": false, 
            "rotate": {
                "__tuple__": true, 
                "items": [
                    0.0, 
                    88.59861748034777, 
                    0.0
                ]
            }, 
            "scale": {
                "__tuple__": true, 
                "items": [
                    0.41971052560988853, 
                    0.48556873202323914, 
                    0.41971052560988853
                ]
            }, 
            "use_physics": false
        }, 
        {
            "cast_shadow": true, 
            "material_alpha": 0, 
            "material_change": 0, 
            "material_color": {
                "__tuple__": true, 
                "items": [
                    255, 
                    255, 
                    255
                ]
            }, 
            "material_color_intensity": 0, 
            "model": 201745, 
            "offset": {
                "__tuple__": true, 
                "items": [
                    1.016068935394287, 
                    -0.030000029131770134, 
                    0.015177726745605469
                ]
            }, 
            "receive_decal": false, 
            "rotate": {
                "__tuple__": true, 
                "items": [
                    -2.030917758263135, 
                    -86.99095026418486, 
                    -0.10673317520959007
                ]
            }, 
            "scale": {
                "__tuple__": true, 
                "items": [
                    0.4355761349425658, 
                    0.3406841010935343, 
                    0.43557614717703436
                ]
            }, 
            "use_physics": false
        }, 
        {
            "cast_shadow": true, 
            "material_alpha": 0, 
            "material_change": 0, 
            "material_color": {
                "__tuple__": true, 
                "items": [
                    255, 
                    255, 
                    255
                ]
            }, 
            "material_color_intensity": 0, 
            "model": 203370, 
            "offset": {
                "__tuple__": true, 
                "items": [
                    2.8935275077819824, 
                    -0.029999995604157448, 
                    -0.0034189224243164062
                ]
            }, 
            "receive_decal": false, 
            "rotate": {
                "__tuple__": true, 
                "items": [
                    0.0, 
                    -78.17537105953147, 
                    0.0
                ]
            }, 
            "scale": {
                "__tuple__": true, 
                "items": [
                    0.41971051824581385, 
                    0.48556873202323914, 
                    0.41971051824581385
                ]
            }, 
            "use_physics": false
        }, 
        {
            "cast_shadow": true, 
            "material_alpha": 0, 
            "material_change": 0, 
            "material_color": {
                "__tuple__": true, 
                "items": [
                    255, 
                    255, 
                    255
                ]
            }, 
            "material_color_intensity": 0, 
            "model": 201745, 
            "offset": {
                "__tuple__": true, 
                "items": [
                    -2.9849495887756348, 
                    -0.030000029131770134, 
                    0.029456138610839844
                ]
            }, 
            "receive_decal": false, 
            "rotate": {
                "__tuple__": true, 
                "items": [
                    -2.030917758263135, 
                    -86.99095026418486, 
                    -0.10673317520959007
                ]
            }, 
            "scale": {
                "__tuple__": true, 
                "items": [
                    0.4355761349425658, 
                    0.3406841010935343, 
                    0.43557614717703436
                ]
            }, 
            "use_physics": false
        }
    ], 
    "base_color_mod": 1, 
    "base_tint_color": {
        "__tuple__": true, 
        "items": [
            255, 
            255, 
            255, 
            0.5
        ]
    }, 
    "cast_shadow": true, 
    "collision_box": {
        "__tuple__": true, 
        "items": [
            [
                -5, 
                5
            ], 
            [
                -5, 
                -5
            ], 
            [
                5, 
                -5
            ], 
            [
                5, 
                5
            ]
        ]
    }, 
    "collision_height": {
        "__tuple__": true, 
        "items": []
    }, 
    "collision_points": {
        "__tuple__": true, 
        "items": [
            [
                -2, 
                -2
            ], 
            [
                1, 
                1
            ], 
            0
        ]
    }, 
    "description": 205453324, 
    "effect_list": [], 
    "enable_camera_collision": "", 
    "enable_occlusion_perspective": false, 
    "fresnel_color": [
        255, 
        0, 
        0, 
        1
    ], 
    "fresnel_emissive_color_strength": 0, 
    "fresnel_exp": 1, 
    "icon": 100000, 
    "key": 134240444, 
    "kv": {}, 
    "material_alpha": 0, 
    "material_change": 0, 
    "material_color": {
        "__tuple__": true, 
        "items": [
            255, 
            255, 
            255
        ]
    }, 
    "material_color_intensity": 0, 
    "model": 103014, 
    "model_opacity": 1, 
    "name": -1247281631, 
    "receive_decal": false, 
    "scale": 1.0, 
    "suffix": "", 
    "tags": {
        "__tuple__": true, 
        "items": []
    }, 
    "uid": "134240444", 
    "use_base_tint_color": false, 
    "use_fresnel": false, 
    "use_physics": false, 
    "use_virtual_light": ""
}