{
    "_custom_": true, 
    "_ref_": 134274818, 
    "attach_models": [
        {
            "cast_shadow": true, 
            "material_alpha": 0, 
            "material_change": 0, 
            "material_color": {
                "__tuple__": true, 
                "items": [
                    255, 
                    255, 
                    255
                ]
            }, 
            "material_color_intensity": 0, 
            "model": 203950, 
            "offset": {
                "__tuple__": true, 
                "items": [
                    -1.0109813690185554, 
                    -0.4500000476837158, 
                    -0.1133831024169929
                ]
            }, 
            "receive_decal": false, 
            "rotate": {
                "__tuple__": true, 
                "items": [
                    9.499242967764928, 
                    -126.1526355053632, 
                    -1.7227513463976094
                ]
            }, 
            "scale": {
                "__tuple__": true, 
                "items": [
                    0.5859022504283263, 
                    0.5859022370387129, 
                    0.6142052019927162
                ]
            }, 
            "use_physics": false
        }, 
        {
            "cast_shadow": true, 
            "material_alpha": 0, 
            "material_change": 0, 
            "material_color": {
                "__tuple__": true, 
                "items": [
                    255, 
                    255, 
                    255
                ]
            }, 
            "material_color_intensity": 0, 
            "model": 203950, 
            "offset": {
                "__tuple__": true, 
                "items": [
                    1.1049215316772454, 
                    -1.3799999952316284, 
                    -0.24804000854492259
                ]
            }, 
            "receive_decal": false, 
            "rotate": {
                "__tuple__": true, 
                "items": [
                    12.503470814173438, 
                    167.6593116981305, 
                    -30.00153643382769
                ]
            }, 
            "scale": {
                "__tuple__": true, 
                "items": [
                    1.0752261937634462, 
                    0.7863260412590777, 
                    0.9980008951447411
                ]
            }, 
            "use_physics": false
        }, 
        {
            "cast_shadow": true, 
            "material_alpha": 0, 
            "material_change": 0, 
            "material_color": {
                "__tuple__": true, 
                "items": [
                    255, 
                    255, 
                    255
                ]
            }, 
            "material_color_intensity": 0, 
            "model": 203950, 
            "offset": {
                "__tuple__": true, 
                "items": [
                    -3.843565750122071, 
                    -1.3799999952316284, 
                    -0.7023628234863288
                ]
            }, 
            "receive_decal": false, 
            "rotate": {
                "__tuple__": true, 
                "items": [
                    20.436808024546274, 
                    161.11846713853203, 
                    -6.20214732860025
                ]
            }, 
            "scale": {
                "__tuple__": true, 
                "items": [
                    1.0752262047257823, 
                    0.7863260175289442, 
                    0.9980009115750308
                ]
            }, 
            "use_physics": false
        }, 
        {
            "cast_shadow": true, 
            "material_alpha": 0, 
            "material_change": 0, 
            "material_color": {
                "__tuple__": true, 
                "items": [
                    255, 
                    255, 
                    255
                ]
            }, 
            "material_color_intensity": 0, 
            "model": 203950, 
            "offset": {
                "__tuple__": true, 
                "items": [
                    4.129217338562011, 
                    -1.7899996042251587, 
                    -0.3841331481933601
                ]
            }, 
            "receive_decal": false, 
            "rotate": {
                "__tuple__": true, 
                "items": [
                    11.400510141730797, 
                    157.755745995617, 
                    -2.2603751640158367
                ]
            }, 
            "scale": {
                "__tuple__": true, 
                "items": [
                    1.0752262449383114, 
                    0.7863260616762829, 
                    0.9980009295907114
                ]
            }, 
            "use_physics": false
        }, 
        {
            "cast_shadow": true, 
            "material_alpha": 0, 
            "material_change": 0, 
            "material_color": {
                "__tuple__": true, 
                "items": [
                    255, 
                    255, 
                    255
                ]
            }, 
            "material_color_intensity": 0, 
            "model": 203358, 
            "offset": {
                "__tuple__": true, 
                "items": [
                    -0.3795917510986335, 
                    -1.2100015878677368, 
                    1.4479190826416009
                ]
            }, 
            "receive_decal": false, 
            "rotate": {
                "__tuple__": true, 
                "items": [
                    -34.33528754378939, 
                    37.57240522521171, 
                    -5.664216323483598
                ]
            }, 
            "scale": {
                "__tuple__": true, 
                "items": [
                    1.4607856987209895, 
                    1.4607857061333827, 
                    1.4607857230366132
                ]
            }, 
            "use_physics": false
        }
    ], 
    "base_color_mod": 1, 
    "base_tint_color": {
        "__tuple__": true, 
        "items": [
            255, 
            255, 
            255, 
            0.5
        ]
    }, 
    "cast_shadow": true, 
    "collision_box": {
        "__tuple__": true, 
        "items": [
            [
                -5, 
                5
            ], 
            [
                -5, 
                -5
            ], 
            [
                5, 
                -5
            ], 
            [
                5, 
                5
            ]
        ]
    }, 
    "collision_height": {
        "__tuple__": true, 
        "items": []
    }, 
    "collision_points": {
        "__tuple__": true, 
        "items": [
            [
                -2, 
                -2
            ], 
            [
                1, 
                1
            ], 
            0
        ]
    }, 
    "description": 632712855, 
    "effect_list": [], 
    "enable_camera_collision": "", 
    "enable_occlusion_perspective": false, 
    "fresnel_color": [
        255, 
        0, 
        0, 
        1
    ], 
    "fresnel_emissive_color_strength": 0, 
    "fresnel_exp": 1, 
    "icon": 100000, 
    "key": 134274818, 
    "kv": {}, 
    "material_alpha": 0, 
    "material_change": 0, 
    "material_color": {
        "__tuple__": true, 
        "items": [
            255, 
            255, 
            255
        ]
    }, 
    "material_color_intensity": 0, 
    "model": 103014, 
    "model_opacity": 1, 
    "name": -84520170, 
    "receive_decal": false, 
    "scale": 1.0, 
    "suffix": "", 
    "tags": {
        "__tuple__": true, 
        "items": []
    }, 
    "uid": "134274818", 
    "use_base_tint_color": false, 
    "use_fresnel": false, 
    "use_physics": false, 
    "use_virtual_light": ""
}