{
    "15": 1300.0, 
    "203": 0.02, 
    "_custom_": true, 
    "_ref_": 134261754, 
    "attach_models": [
        {
            "cast_shadow": true, 
            "material_alpha": 1, 
            "material_change": 0, 
            "material_color": [
                255, 
                255, 
                255
            ], 
            "material_color_intensity": 1, 
            "model": 203602, 
            "offset": {
                "__tuple__": true, 
                "items": [
                    0.0, 
                    0.0, 
                    0.0
                ]
            }, 
            "receive_decal": false, 
            "rotate": {
                "__tuple__": true, 
                "items": [
                    4.954945728423957e-22, 
                    0.000002013784735452967, 
                    0.000002013784735452967
                ]
            }, 
            "scale": {
                "__tuple__": true, 
                "items": [
                    1.0000000000000013, 
                    1.0000000000000007, 
                    1.0000000000000007
                ]
            }, 
            "use_physics": false
        }
    ], 
    "base_color_mod": 1, 
    "base_tint_color": {
        "__tuple__": true, 
        "items": [
            255, 
            255, 
            255, 
            0.5
        ]
    }, 
    "cast_shadow": true, 
    "collision_box": {
        "__tuple__": true, 
        "items": [
            [
                -5, 
                5
            ], 
            [
                -5, 
                -5
            ], 
            [
                5, 
                -5
            ], 
            [
                5, 
                5
            ]
        ]
    }, 
    "collision_height": {
        "__tuple__": true, 
        "items": []
    }, 
    "collision_points": {
        "__tuple__": true, 
        "items": [
            [
                -2, 
                -2
            ], 
            [
                1, 
                1
            ], 
            0
        ]
    }, 
    "description": 489182245, 
    "effect_list": [
        [
            102327, 
            {
                "__tuple__": true, 
                "items": [
                    0.0, 
                    0.04999999701976776, 
                    0.0
                ]
            }, 
            {
                "__tuple__": true, 
                "items": [
                    0.27000001072883606, 
                    0.27000001072883606, 
                    0.27000001072883606
                ]
            }, 
            {
                "__tuple__": true, 
                "items": [
                    0.0, 
                    0.0, 
                    0.0
                ]
            }, 
            1.0
        ]
    ], 
    "enable_camera_collision": "", 
    "enable_occlusion_perspective": false, 
    "fresnel_color": {
        "__tuple__": true, 
        "items": [
            255, 
            255, 
            255, 
            0.5
        ]
    }, 
    "fresnel_emissive_color_strength": 1, 
    "fresnel_exp": 10, 
    "icon": 100000, 
    "key": 134261754, 
    "kv": {}, 
    "material_alpha": 0, 
    "material_change": 0, 
    "material_color": {
        "__tuple__": true, 
        "items": [
            255, 
            255, 
            255
        ]
    }, 
    "material_color_intensity": 0, 
    "model": 103014, 
    "model_opacity": 1, 
    "name": -535272593, 
    "receive_decal": false, 
    "scale": 1.0, 
    "suffix": "", 
    "tags": {
        "__tuple__": true, 
        "items": []
    }, 
    "uid": "134261754", 
    "use_base_tint_color": false, 
    "use_fresnel": 0, 
    "use_physics": false, 
    "use_virtual_light": ""
}