{
    "_custom_": true, 
    "_ref_": 134265847, 
    "attach_models": [
        {
            "cast_shadow": true, 
            "material_alpha": 0, 
            "material_change": 0, 
            "material_color": {
                "__tuple__": true, 
                "items": [
                    255, 
                    255, 
                    255
                ]
            }, 
            "material_color_intensity": 0, 
            "model": 203946, 
            "offset": {
                "__tuple__": true, 
                "items": [
                    3.3495433807373054, 
                    -1.6831753253936768, 
                    0.9368576049804673
                ]
            }, 
            "receive_decal": false, 
            "rotate": {
                "__tuple__": true, 
                "items": [
                    -23.508245471316805, 
                    -9.512509811461005, 
                    -33.60298239184896
                ]
            }, 
            "scale": {
                "__tuple__": true, 
                "items": [
                    3.0000000820225274, 
                    2.9999999298946647, 
                    3.000000067234865
                ]
            }, 
            "use_physics": false
        }, 
        {
            "cast_shadow": true, 
            "material_alpha": 0, 
            "material_change": 0, 
            "material_color": {
                "__tuple__": true, 
                "items": [
                    255, 
                    255, 
                    255
                ]
            }, 
            "material_color_intensity": 0, 
            "model": 203964, 
            "offset": {
                "__tuple__": true, 
                "items": [
                    -0.4674160003662102, 
                    -11.739997863769531, 
                    -0.5400482177734389
                ]
            }, 
            "receive_decal": false, 
            "rotate": {
                "__tuple__": true, 
                "items": [
                    0.0, 
                    -32.42606738077982, 
                    0.0
                ]
            }, 
            "scale": {
                "__tuple__": true, 
                "items": [
                    1.00000000023471, 
                    1.0, 
                    1.00000000023471
                ]
            }, 
            "use_physics": false
        }, 
        {
            "cast_shadow": true, 
            "material_alpha": 0, 
            "material_change": 0, 
            "material_color": {
                "__tuple__": true, 
                "items": [
                    255, 
                    255, 
                    255
                ]
            }, 
            "material_color_intensity": 0, 
            "model": 203946, 
            "offset": {
                "__tuple__": true, 
                "items": [
                    -2.6719009399414055, 
                    -1.2822130918502808, 
                    0.22427215576171733
                ]
            }, 
            "receive_decal": false, 
            "rotate": {
                "__tuple__": true, 
                "items": [
                    17.259523664830628, 
                    -43.691155734320816, 
                    37.551275285875725
                ]
            }, 
            "scale": {
                "__tuple__": true, 
                "items": [
                    3.3724830827231473, 
                    3.372483091032833, 
                    3.3724831101016965
                ]
            }, 
            "use_physics": false
        }, 
        {
            "cast_shadow": true, 
            "material_alpha": 0, 
            "material_change": 0, 
            "material_color": {
                "__tuple__": true, 
                "items": [
                    255, 
                    255, 
                    255
                ]
            }, 
            "material_color_intensity": 0, 
            "model": 203946, 
            "offset": {
                "__tuple__": true, 
                "items": [
                    -0.12812919616699148, 
                    -1.8722130060195923, 
                    1.901003265380858
                ]
            }, 
            "receive_decal": false, 
            "rotate": {
                "__tuple__": true, 
                "items": [
                    -17.217036368849318, 
                    -21.415641547994156, 
                    17.593133972071605
                ]
            }, 
            "scale": {
                "__tuple__": true, 
                "items": [
                    3.372482897994531, 
                    3.3724829636921623, 
                    3.372483102077356
                ]
            }, 
            "use_physics": false
        }, 
        {
            "cast_shadow": true, 
            "material_alpha": 0, 
            "material_change": 0, 
            "material_color": {
                "__tuple__": true, 
                "items": [
                    255, 
                    255, 
                    255
                ]
            }, 
            "material_color_intensity": 0, 
            "model": 203946, 
            "offset": {
                "__tuple__": true, 
                "items": [
                    -0.0820972442626946, 
                    -2.2522125244140625, 
                    -2.522084808349611
                ]
            }, 
            "receive_decal": false, 
            "rotate": {
                "__tuple__": true, 
                "items": [
                    -16.488700672278917, 
                    137.83362219021615, 
                    18.246987368333237
                ]
            }, 
            "scale": {
                "__tuple__": true, 
                "items": [
                    3.372482965120117, 
                    3.372483178489571, 
                    3.37248301587257
                ]
            }, 
            "use_physics": false
        }
    ], 
    "base_color_mod": 1, 
    "base_tint_color": {
        "__tuple__": true, 
        "items": [
            255, 
            255, 
            255, 
            0.5
        ]
    }, 
    "cast_shadow": true, 
    "collision_box": {
        "__tuple__": true, 
        "items": [
            [
                -5, 
                5
            ], 
            [
                -5, 
                -5
            ], 
            [
                5, 
                -5
            ], 
            [
                5, 
                5
            ]
        ]
    }, 
    "collision_height": {
        "__tuple__": true, 
        "items": []
    }, 
    "collision_points": {
        "__tuple__": true, 
        "items": [
            [
                -2, 
                -2
            ], 
            [
                1, 
                1
            ], 
            0
        ]
    }, 
    "description": 858776218, 
    "effect_list": [], 
    "enable_camera_collision": "", 
    "enable_occlusion_perspective": false, 
    "fresnel_color": [
        255, 
        0, 
        0, 
        1
    ], 
    "fresnel_emissive_color_strength": 0, 
    "fresnel_exp": 1, 
    "icon": 100000, 
    "key": 134265847, 
    "kv": {}, 
    "material_alpha": 0, 
    "material_change": 0, 
    "material_color": {
        "__tuple__": true, 
        "items": [
            255, 
            255, 
            255
        ]
    }, 
    "material_color_intensity": 0, 
    "model": 103014, 
    "model_opacity": 1, 
    "name": -241428265, 
    "receive_decal": false, 
    "scale": 1.0, 
    "suffix": "", 
    "tags": {
        "__tuple__": true, 
        "items": []
    }, 
    "uid": "134265847", 
    "use_base_tint_color": false, 
    "use_fresnel": false, 
    "use_physics": false, 
    "use_virtual_light": ""
}