{
    "_custom_": true, 
    "_ref_": 134219052, 
    "attach_models": [
        {
            "cast_shadow": true, 
            "material_alpha": 0, 
            "material_change": 0, 
            "material_color": {
                "__tuple__": true, 
                "items": [
                    255, 
                    255, 
                    255
                ]
            }, 
            "material_color_intensity": 0, 
            "model": 203950, 
            "offset": {
                "__tuple__": true, 
                "items": [
                    -1.3587150573730469, 
                    -1.72160005569458, 
                    -0.2947654724121094
                ]
            }, 
            "receive_decal": false, 
            "rotate": {
                "__tuple__": true, 
                "items": [
                    5.743021732783965, 
                    -131.74976208047593, 
                    -2.9139917083751574
                ]
            }, 
            "scale": {
                "__tuple__": true, 
                "items": [
                    1.156452117392595, 
                    1.1564521480581276, 
                    1.1564521644309578
                ]
            }, 
            "use_physics": false
        }, 
        {
            "cast_shadow": true, 
            "material_alpha": 0, 
            "material_change": 0, 
            "material_color": {
                "__tuple__": true, 
                "items": [
                    255, 
                    255, 
                    255
                ]
            }, 
            "material_color_intensity": 0, 
            "model": 203946, 
            "offset": {
                "__tuple__": true, 
                "items": [
                    1.3587150573730469, 
                    -3.8279621601104736, 
                    0.2947654724121094
                ]
            }, 
            "receive_decal": false, 
            "rotate": {
                "__tuple__": true, 
                "items": [
                    0.0, 
                    0.0, 
                    -43.07164768674337
                ]
            }, 
            "scale": {
                "__tuple__": true, 
                "items": [
                    3.0000000286737354, 
                    3.0000000286737354, 
                    3.0
                ]
            }, 
            "use_physics": false
        }
    ], 
    "base_color_mod": 1, 
    "base_tint_color": {
        "__tuple__": true, 
        "items": [
            255, 
            255, 
            255, 
            0.5
        ]
    }, 
    "cast_shadow": true, 
    "collision_box": {
        "__tuple__": true, 
        "items": [
            [
                -5, 
                5
            ], 
            [
                -5, 
                -5
            ], 
            [
                5, 
                -5
            ], 
            [
                5, 
                5
            ]
        ]
    }, 
    "collision_height": {
        "__tuple__": true, 
        "items": []
    }, 
    "collision_points": {
        "__tuple__": true, 
        "items": [
            [
                -2, 
                -2
            ], 
            [
                1, 
                1
            ], 
            0
        ]
    }, 
    "description": 883101264, 
    "effect_list": [], 
    "enable_camera_collision": "", 
    "enable_occlusion_perspective": false, 
    "fresnel_color": [
        255, 
        0, 
        0, 
        1
    ], 
    "fresnel_emissive_color_strength": 0, 
    "fresnel_exp": 1, 
    "icon": 100000, 
    "key": 134219052, 
    "kv": {}, 
    "material_alpha": 0, 
    "material_change": 0, 
    "material_color": {
        "__tuple__": true, 
        "items": [
            255, 
            255, 
            255
        ]
    }, 
    "material_color_intensity": 0, 
    "model": 103014, 
    "model_opacity": 1, 
    "name": 795937689, 
    "receive_decal": false, 
    "scale": 1.0, 
    "suffix": "", 
    "tags": {
        "__tuple__": true, 
        "items": []
    }, 
    "uid": "134219052", 
    "use_base_tint_color": false, 
    "use_fresnel": false, 
    "use_physics": false, 
    "use_virtual_light": ""
}