{
    "_custom_": true, 
    "_ref_": 134273867, 
    "attach_models": [
        {
            "cast_shadow": true, 
            "material_alpha": 0, 
            "material_change": 0, 
            "material_color": {
                "__tuple__": true, 
                "items": [
                    255, 
                    255, 
                    255
                ]
            }, 
            "material_color_intensity": 0, 
            "model": 203947, 
            "offset": {
                "__tuple__": true, 
                "items": [
                    -3.1160839928521042, 
                    -2.779999256134033, 
                    1.3546295166015625
                ]
            }, 
            "receive_decal": false, 
            "rotate": {
                "__tuple__": true, 
                "items": [
                    -2.875524612105736, 
                    3.197537239711999, 
                    41.923291638432524
                ]
            }, 
            "scale": {
                "__tuple__": true, 
                "items": [
                    2.4915362098690603, 
                    2.285317437183058, 
                    2.2853174365263316
                ]
            }, 
            "use_physics": false
        }, 
        {
            "cast_shadow": true, 
            "material_alpha": 0, 
            "material_change": 0, 
            "material_color": {
                "__tuple__": true, 
                "items": [
                    255, 
                    255, 
                    255
                ]
            }, 
            "material_color_intensity": 0, 
            "model": 203947, 
            "offset": {
                "__tuple__": true, 
                "items": [
                    3.6130133734809036, 
                    -2.249999761581421, 
                    1.7413215637207031
                ]
            }, 
            "receive_decal": false, 
            "rotate": {
                "__tuple__": true, 
                "items": [
                    3.541417586714744, 
                    23.966542114665543, 
                    -3.1288624852784297
                ]
            }, 
            "scale": {
                "__tuple__": true, 
                "items": [
                    2.497602261182423, 
                    2.4976021344249713, 
                    2.4976022920942946
                ]
            }, 
            "use_physics": false
        }, 
        {
            "cast_shadow": true, 
            "material_alpha": 0, 
            "material_change": 0, 
            "material_color": {
                "__tuple__": true, 
                "items": [
                    255, 
                    255, 
                    255
                ]
            }, 
            "material_color_intensity": 0, 
            "model": 203947, 
            "offset": {
                "__tuple__": true, 
                "items": [
                    1.2028494940863723, 
                    -0.9100000262260437, 
                    -1.2243804931640625
                ]
            }, 
            "receive_decal": false, 
            "rotate": {
                "__tuple__": true, 
                "items": [
                    -60.8590998397291, 
                    -33.67701346120901, 
                    22.246104429302125
                ]
            }, 
            "scale": {
                "__tuple__": true, 
                "items": [
                    1.793516993395644, 
                    1.7935169475780697, 
                    1.7935169666935464
                ]
            }, 
            "use_physics": false
        }, 
        {
            "cast_shadow": true, 
            "material_alpha": 0, 
            "material_change": 0, 
            "material_color": {
                "__tuple__": true, 
                "items": [
                    255, 
                    255, 
                    255
                ]
            }, 
            "material_color_intensity": 0, 
            "model": 203947, 
            "offset": {
                "__tuple__": true, 
                "items": [
                    -1.5299443138970261, 
                    -1.2999998331069946, 
                    0.41546630859375
                ]
            }, 
            "receive_decal": false, 
            "rotate": {
                "__tuple__": true, 
                "items": [
                    -28.40629765692414, 
                    11.822024592279824, 
                    20.16136574018726
                ]
            }, 
            "scale": {
                "__tuple__": true, 
                "items": [
                    1.7633680723530916, 
                    1.7633681428247405, 
                    1.7633681218694839
                ]
            }, 
            "use_physics": false
        }, 
        {
            "cast_shadow": true, 
            "material_alpha": 0, 
            "material_change": 0, 
            "material_color": {
                "__tuple__": true, 
                "items": [
                    255, 
                    255, 
                    255
                ]
            }, 
            "material_color_intensity": 0, 
            "model": 203947, 
            "offset": {
                "__tuple__": true, 
                "items": [
                    -2.031592263115776, 
                    -2.59999942779541, 
                    -3.8716468811035156
                ]
            }, 
            "receive_decal": false, 
            "rotate": {
                "__tuple__": true, 
                "items": [
                    -14.456411208988554, 
                    -137.45722968786333, 
                    -11.350867380338157
                ]
            }, 
            "scale": {
                "__tuple__": true, 
                "items": [
                    1.641361716963619, 
                    1.6413617605481674, 
                    1.64136174199675
                ]
            }, 
            "use_physics": false
        }, 
        {
            "cast_shadow": true, 
            "material_alpha": 0, 
            "material_change": 0, 
            "material_color": {
                "__tuple__": true, 
                "items": [
                    255, 
                    255, 
                    255
                ]
            }, 
            "material_color_intensity": 0, 
            "model": 203950, 
            "offset": {
                "__tuple__": true, 
                "items": [
                    0.5743647681342239, 
                    -2.1599998474121094, 
                    5.5379638671875
                ]
            }, 
            "receive_decal": false, 
            "rotate": {
                "__tuple__": true, 
                "items": [
                    27.676519216816683, 
                    -1.2663200668418473, 
                    -0.5882544029393115
                ]
            }, 
            "scale": {
                "__tuple__": true, 
                "items": [
                    1.200000027172595, 
                    1.2000000101142518, 
                    1.1999999938661878
                ]
            }, 
            "use_physics": false
        }, 
        {
            "cast_shadow": true, 
            "material_alpha": 0, 
            "material_change": 0, 
            "material_color": {
                "__tuple__": true, 
                "items": [
                    255, 
                    255, 
                    255
                ]
            }, 
            "material_color_intensity": 0, 
            "model": 203950, 
            "offset": {
                "__tuple__": true, 
                "items": [
                    -8.046845330132378, 
                    -2.18999981880188, 
                    -2.04425048828125
                ]
            }, 
            "receive_decal": false, 
            "rotate": {
                "__tuple__": true,