{
    "_custom_": true, 
    "_ref_": 134275338, 
    "attach_models": [
        {
            "cast_shadow": true, 
            "material_alpha": 0, 
            "material_change": 0, 
            "material_color": {
                "__tuple__": true, 
                "items": [
                    255, 
                    255, 
                    255
                ]
            }, 
            "material_color_intensity": 0, 
            "model": 104226, 
            "offset": {
                "__tuple__": true, 
                "items": [
                    1.454337726939805, 
                    0.0, 
                    0.27645735307173425
                ]
            }, 
            "receive_decal": false, 
            "rotate": {
                "__tuple__": true, 
                "items": [
                    0.0, 
                    17.85852374217578, 
                    0.0
                ]
            }, 
            "scale": {
                "__tuple__": true, 
                "items": [
                    5.708949984283409, 
                    2.9193952083587646, 
                    3.869950295520293
                ]
            }, 
            "use_physics": false
        }, 
        {
            "cast_shadow": true, 
            "material_alpha": 0, 
            "material_change": 0, 
            "material_color": {
                "__tuple__": true, 
                "items": [
                    255, 
                    255, 
                    255
                ]
            }, 
            "material_color_intensity": 0, 
            "model": 104226, 
            "offset": {
                "__tuple__": true, 
                "items": [
                    -2.553474773060195, 
                    0.0, 
                    0.29594282670454675
                ]
            }, 
            "receive_decal": false, 
            "rotate": {
                "__tuple__": true, 
                "items": [
                    0.0, 
                    0.6654951103078665, 
                    0.0
                ]
            }, 
            "scale": {
                "__tuple__": true, 
                "items": [
                    6.039251481937925, 
                    2.731574535369873, 
                    3.9944289013621277
                ]
            }, 
            "use_physics": false
        }, 
        {
            "cast_shadow": true, 
            "material_alpha": 0, 
            "material_change": 0, 
            "material_color": {
                "__tuple__": true, 
                "items": [
                    255, 
                    255, 
                    255
                ]
            }, 
            "material_color_intensity": 0, 
            "model": 104226, 
            "offset": {
                "__tuple__": true, 
                "items": [
                    2.3574215282093363, 
                    0.29999998211860657, 
                    -0.17987199263139075
                ]
            }, 
            "receive_decal": false, 
            "rotate": {
                "__tuple__": true, 
                "items": [
                    0.0, 
                    0.0, 
                    0.0
                ]
            }, 
            "scale": {
                "__tuple__": true, 
                "items": [
                    5.255885124206543, 
                    2.731574535369873, 
                    3.994428873062134
                ]
            }, 
            "use_physics": false
        }, 
        {
            "cast_shadow": true, 
            "material_alpha": 0, 
            "material_change": 0, 
            "material_color": {
                "__tuple__": true, 
                "items": [
                    255, 
                    255, 
                    255
                ]
            }, 
            "material_color_intensity": 0, 
            "model": 104226, 
            "offset": {
                "__tuple__": true, 
                "items": [
                    2.8994518626819925, 
                    0.0, 
                    -0.16543336348100013
                ]
            }, 
            "receive_decal": false, 
            "rotate": {
                "__tuple__": true, 
                "items": [
                    0.0, 
                    -19.06739245282634, 
                    0.0
                ]
            }, 
            "scale": {
                "__tuple__": true, 
                "items": [
                    6.039251306685584, 
                    2.731574535369873, 
                    3.9944289238759763
                ]
            }, 
            "use_physics": false
        }, 
        {
            "cast_shadow": true, 
            "material_alpha": 0, 
            "material_change": 0, 
            "material_color": {
                "__tuple__": true, 
                "items": [
                    255, 
                    255, 
                    255
                ]
            }, 
            "material_color_intensity": 0, 
            "model": 104226, 
            "offset": {
                "__tuple__": true, 
                "items": [
                    1.9771839488636331, 
                    0.0, 
                    -0.16853089766068763
                ]
            }, 
            "receive_decal": false, 
            "rotate": {
                "__tuple__": true, 
                "items": [
                    0.0, 
                    16.80734427017505, 
                    0.0
                ]
            }, 
            "scale": {
                "__tuple__": true, 
                "items": [
                    6.695893718763762, 
                    2.731574535369873, 
                    3.994428930918757
                ]
            }, 
            "use_physics": false
        }, 
        {
            "cast_shadow": true, 
            "material_alpha": 0, 
            "material_change": 0, 
            "material_color": {
                "__tuple__": true, 
                "items": [
                    255, 
                    255, 
                    255
                ]
            }, 
            "material_color_intensity": 0, 
            "model": 104226, 
            "offset": {
                "__tuple__": true, 
                "items": [
                    1.4272037852894144, 
                    0.0, 
                    -0.33383317427201575
                ]
            }, 
            "receive_decal": false, 
            "rotate": {
                "__tuple__": true, 
                "items": [
                    0.0, 
                    2.431771386231064, 
                    0.0
                ]
            }, 
            "scale": {
                "__tuple__": true, 
                "items": [
                    5.708949946790993, 
                    2.9193952083587646, 
                    3.8699503919723846
                ]
            }, 
            "use_physics": false
        }, 
        {
            "cast_shadow": true, 
            "material_alpha": 0, 
            "material_change": 0, 
            "material_color": {
                "__tuple__": true, 
                "items": [
                    255, 
                    255, 
                    255
                ]
            }, 
            "material_color_intensity": 0, 
            "model": 201745, 
            "offset": {
                "__tuple__": true, 
                "items": [
                    -2.1932490955699606, 
                    -0.09000001102685928, 
                    0.02981810136274987
                ]
            }, 
            "receive_decal": false, 
            "rotate": {
                "__tuple__": true, 
                "items": [
                    -17.16339858370054, 
                    86.17984958873059, 
                    14.82922301183817
                ]
            }, 
            "scale": {
                "__tuple__": true,